Product Name,brand,category,bar code,price (M.R.P.),weight/volume,Unit,Product Description,Images URL,Product URL,Relative Expiry time w.r.t. today,Relative expiry in months
Dishwash Liquid - Lemon With Aloe Vera,bb home,Household and care,,₹219,500,ml,500 ml,"['https://www.bigbasket.com/media/uploads/p/s/40130359_6-bb-home-dishwash-liquid-lemon-with-aloe-vera.jpg?tr=w-256,q=80', 'https://www.bigbasket.com/media/uploads/p/s/40130359-2_7-bb-home-dishwash-liquid-lemon-with-aloe-vera.jpg?tr=w-256,q=80', 'https://www.bigbasket.com/media/uploads/p/s/40130359-3_3-bb-home-dishwash-liquid-lemon-with-aloe-vera.jpg?tr=w-256,q=80', 'https://www.bigbasket.com/media/uploads/p/s/40130359-4_3-bb-home-dishwash-liquid-lemon-with-aloe-vera.jpg?tr=w-256,q=80', 'https://www.bigbasket.com/media/uploads/p/s/40130359-5_3-bb-home-dishwash-liquid-lemon-with-aloe-vera.jpg?tr=w-256,q=80', 'https://www.bigbasket.com/media/uploads/p/s/40130359-6_1-bb-home-dishwash-liquid-lemon-with-aloe-vera.jpg?tr=w-256,q=80', 'https://www.bigbasket.com/media/uploads/p/s/40130359-7_1-bb-home-dishwash-liquid-lemon-with-aloe-vera.jpg?tr=w-256,q=80']",https://www.bigbasket.com/pd/40130359/bb-home-dishwash-liquid-lemon-with-aloe-vera-500-ml/?nc=cl-prod-list&t_pos_sec=1&t_pos_item=1&t_s=Dishwash%2520Liquid%2520-%2520Lemon%2520With%2520Aloe%2520Vera,"3 years, 5 months, and 28 days",41
"Disinfectant Toilet Cleaner Liquid, Original",Harpic,Household and care,,₹408.5,500,ml,500 ml,"['https://www.bigbasket.com/media/uploads/p/s/1200366_10-harpic-original-disinfectant-toilet-cleaner-liquid.jpg?tr=w-256,q=80', 'https://www.bigbasket.com/media/uploads/p/s/1200366-2_8-harpic-original-disinfectant-toilet-cleaner-liquid.jpg?tr=w-256,q=80', 'https://www.bigbasket.com/media/uploads/p/s/1200366-3_8-harpic-original-disinfectant-toilet-cleaner-liquid.jpg?tr=w-256,q=80', 'https://www.bigbasket.com/media/uploads/p/s/1200366-4_8-harpic-original-disinfectant-toilet-cleaner-liquid.jpg?tr=w-256,q=80', 'https://www.bigbasket.com/media/uploads/p/s/1200366-5_8-harpic-original-disinfectant-toilet-cleaner-liquid.jpg?tr=w-256,q=80', 'https://www.bigbasket.com/media/uploads/p/s/1200366-6_7-harpic-original-disinfectant-toilet-cleaner-liquid.jpg?tr=w-256,q=80', 'https://www.bigbasket.com/media/uploads/p/s/1200366-7_7-harpic-original-disinfectant-toilet-cleaner-liquid.jpg?tr=w-256,q=80', 'https://www.bigbasket.com/media/uploads/p/s/1200366-8_7-harpic-original-disinfectant-toilet-cleaner-liquid.jpg?tr=w-256,q=80', 'https://www.bigbasket.com/media/uploads/p/s/1200366-9_3-harpic-original-disinfectant-toilet-cleaner-liquid.jpg?tr=w-256,q=80']",https://www.bigbasket.com/pd/1200366/harpic-original-disinfectant-toilet-cleaner-liquid-2x500-ml/?nc=cl-prod-list&t_pos_sec=1&t_pos_item=2&t_s=Disinfectant%2520Toilet%2520Cleaner%2520Liquid%2520-%2520Original,"3 years, 5 months, and 28 days",41
Camphor Tablets - Pure,Daivya Sparsh by bigbasket,Household and care,,₹70,100,g,100 g,"['https://www.bigbasket.com/media/uploads/p/s/40316713_4-daivya-sparsh-camphor-tablets-pure.jpg?tr=w-256,q=80', 'https://www.bigbasket.com/media/uploads/p/s/40316713-2_4-daivya-sparsh-camphor-tablets-pure.jpg?tr=w-256,q=80', 'https://www.bigbasket.com/media/uploads/p/s/40316713-3_4-daivya-sparsh-camphor-tablets-pure.jpg?tr=w-256,q=80', 'https://www.bigbasket.com/media/uploads/p/s/40316713-4_4-daivya-sparsh-camphor-tablets-pure.jpg?tr=w-256,q=80', 'https://www.bigbasket.com/media/uploads/p/s/40316713-5_4-daivya-sparsh-camphor-tablets-pure.jpg?tr=w-256,q=80', 'https://www.bigbasket.com/media/uploads/p/s/40316713-6_4-daivya-sparsh-camphor-tablets-pure.jpg?tr=w-256,q=80', 'https://www.bigbasket.com/media/uploads/p/s/40316713-7_4-daivya-sparsh-camphor-tablets-pure.jpg?tr=w-256,q=80', 'https://www.bigbasket.com/media/uploads/p/s/40316713-8_3-daivya-sparsh-camphor-tablets-pure.jpg?tr=w-256,q=80', 'https://www.bigbasket.com/media/uploads/p/s/40316713-9_2-daivya-sparsh-camphor-tablets-pure.jpg?tr=w-256,q=80', 'https://www.bigbasket.com/media/uploads/p/s/40316713-10_1-daivya-sparsh-camphor-tablets-pure.jpg?tr=w-256,q=80']",https://www.bigbasket.com/pd/40316713/daivya-sparsh-camphor-tablets-pure-100-g-jar/?nc=cl-prod-list&t_pos_sec=1&t_pos_item=3&t_s=Camphor%2520Tablets%2520-%2520Pure,"3 years, 5 months, and 28 days",41
Matic Front Load Detergent Powder,Surf Excel,Household and care,,₹564,6,kg,6 kg,"['https://www.bigbasket.com/media/uploads/p/s/40134836_6-surf-excel-detergent-powder-matic-front-load.jpg?tr=w-256,q=80', 'https://www.bigbasket.com/media/uploads/p/s/40134836-2_5-surf-excel-detergent-powder-matic-front-load.jpg?tr=w-256,q=80', 'https://www.bigbasket.com/media/uploads/p/s/40134836-3_5-surf-excel-detergent-powder-matic-front-load.jpg?tr=w-256,q=80', 'https://www.bigbasket.com/media/uploads/p/s/40134836-4_5-surf-excel-detergent-powder-matic-front-load.jpg?tr=w-256,q=80', 'https://www.bigbasket.com/media/uploads/p/s/40134836-5_5-surf-excel-detergent-powder-matic-front-load.jpg?tr=w-256,q=80', 'https://www.bigbasket.com/media/uploads/p/s/40134836-6_4-surf-excel-detergent-powder-matic-front-load.jpg?tr=w-256,q=80', 'https://www.bigbasket.com/media/uploads/p/s/40134836-7_4-surf-excel-detergent-powder-matic-front-load.jpg?tr=w-256,q=80', 'https://www.bigbasket.com/media/uploads/p/s/40134836-8_3-surf-excel-detergent-powder-matic-front-load.jpg?tr=w-256,q=80']",https://www.bigbasket.com/pd/40134836/surf-excel-detergent-powder-matic-front-load-4-kg/?nc=cl-prod-list&t_pos_sec=1&t_pos_item=4&t_s=Matic%2520Powder%2520Front%2520Load,"3 years, 5 months, and 28 days",41
Dishwash Bar - Lemon,Vim,Household and care,,₹28.2,90,g,90 g,"['https://www.bigbasket.com/media/uploads/p/s/307287_6-vim-dishwash-bar-lemon.jpg?tr=w-256,q=80', 'https://www.bigbasket.com/media/uploads/p/s/307287-2_4-vim-dishwash-bar-lemon.jpg?tr=w-256,q=80', 'https://www.bigbasket.com/media/uploads/p/s/307287-3_4-vim-dishwash-bar-lemon.jpg?tr=w-256,q=80', 'https://www.bigbasket.com/media/uploads/p/s/307287-4_2-vim-dishwash-bar-lemon.jpg?tr=w-256,q=80', 'https://www.bigbasket.com/media/uploads/p/s/307287-5_2-vim-dishwash-bar-lemon.jpg?tr=w-256,q=80', 'https://www.bigbasket.com/media/uploads/p/s/307287-6_2-vim-dishwash-bar-lemon.jpg?tr=w-256,q=80', 'https://www.bigbasket.com/media/uploads/p/s/307287-7_1-vim-dishwash-bar-lemon.jpg?tr=w-256,q=80']",https://www.bigbasket.com/pd/307287/vim-dishwash-bar-lemon-115-g/?nc=cl-prod-list&t_pos_sec=1&t_pos_item=5&t_s=Dishwash%2520Bar%2520-%2520Lemon,"3 years, 5 months, and 28 days",41
"Matic Front Load Detergent Powder - With Nano Fibre Lock Technology, Removes Tough Stains",Henko,Household and care,,₹988.25,,,2 x 3.2 L,"['https://www.bigbasket.com/media/uploads/p/s/1226811_1-surf-excel-matic-front-load-liquid-detergent-designed-for-tough-stain-removal-refill-pack.jpg?tr=w-256,q=80']",https://www.bigbasket.com/pd/1226811/surf-excel-matic-front-load-liquid-detergent-designed-for-tough-stain-removal-refill-pack-2-x-32-l/?nc=cl-prod-list&t_pos_sec=1&t_pos_item=6&t_s=Matic%2520Front%2520Load%2520Liquid%2520Detergent%252C%2520Designed%2520For%2520Tough%2520Stain%2520Removal%2520Refill%2520Pack,"3 years, 5 months, and 28 days",41
"Kitchen Tissue Paper Roll/Napkin - 2-Ply, 100% Virgin Fibre, Soft & Absorbent",bb home,Household and care,,₹259,,,,"['https://www.bigbasket.com/media/uploads/p/s/267629_5-origami-2-ply-kitchen-towels.jpg?tr=w-256,q=80', 'https://www.bigbasket.com/media/uploads/p/s/267629-2_4-origami-2-ply-kitchen-towels.jpg?tr=w-256,q=80', 'https://www.bigbasket.com/media/uploads/p/s/267629-3_1-origami-2-ply-kitchen-towels.jpg?tr=w-256,q=80', 'https://www.bigbasket.com/media/uploads/p/s/267629-4_1-origami-2-ply-kitchen-towels.jpg?tr=w-256,q=80', 'https://www.bigbasket.com/media/uploads/p/s/267629-5_1-origami-2-ply-kitchen-towels.jpg?tr=w-256,q=80', 'https://www.bigbasket.com/media/uploads/p/s/267629-6_1-origami-2-ply-kitchen-towels.jpg?tr=w-256,q=80', 'https://www.bigbasket.com/media/uploads/p/s/267629-7_1-origami-2-ply-kitchen-towels.jpg?tr=w-256,q=80']",https://www.bigbasket.com/pd/267629/origami-2-ply-kitchen-towels-60-pulls/?nc=cl-prod-list&t_pos_sec=1&t_pos_item=7&t_s=Kitchen%2520Tissue%2520Paper%2520Roll%2520-%25202%2520Ply,"3 years, 5 months, and 28 days",41
"Matic Top Load Liquid Detergent, Designed For Tough Stain Removal - Refill Mega Pack",Surf Excel,Household and care,,₹474,4,l,4 l,"['https://www.bigbasket.com/media/uploads/p/s/40320189_3-surf-excel-matic-top-load-liquid-detergent-refill.jpg?tr=w-256,q=80', 'https://www.bigbasket.com/media/uploads/p/s/40320189-2_3-surf-excel-matic-top-load-liquid-detergent-refill.jpg?tr=w-256,q=80', 'https://www.bigbasket.com/media/uploads/p/s/40320189-3_3-surf-excel-matic-top-load-liquid-detergent-refill.jpg?tr=w-256,q=80', 'https://www.bigbasket.com/media/uploads/p/s/40320189-4_3-surf-excel-matic-top-load-liquid-detergent-refill.jpg?tr=w-256,q=80', 'https://www.bigbasket.com/media/uploads/p/s/40320189-5_3-surf-excel-matic-top-load-liquid-detergent-refill.jpg?tr=w-256,q=80', 'https://www.bigbasket.com/media/uploads/p/s/40320189-6_3-surf-excel-matic-top-load-liquid-detergent-refill.jpg?tr=w-256,q=80', 'https://www.bigbasket.com/media/uploads/p/s/40320189-7_3-surf-excel-matic-top-load-liquid-detergent-refill.jpg?tr=w-256,q=80']",https://www.bigbasket.com/pd/40320189/surf-excel-matic-top-load-liquid-detergent-refill-4-l-pouch/?nc=cl-prod-list&t_pos_sec=1&t_pos_item=8&t_s=Matic%2520Top%2520Load%2520Liquid%2520Detergent%2520Refill,"3 years, 5 months, and 28 days",41
"Antiseptic Liquid for First Aid , Surface Disinfection, Floor Cleaner and Personal Hygiene,",Dettol,Household and care,,₹365,5,L,5 L,"['https://www.bigbasket.com/media/uploads/p/s/40129070_9-lizol-disinfectant-surface-floor-cleaner-liquid-citrus-kills-999-germs.jpg?tr=w-256,q=80', 'https://www.bigbasket.com/media/uploads/p/s/40129070-2_9-lizol-disinfectant-surface-floor-cleaner-liquid-citrus-kills-999-germs.jpg?tr=w-256,q=80', 'https://www.bigbasket.com/media/uploads/p/s/40129070-3_9-lizol-disinfectant-surface-floor-cleaner-liquid-citrus-kills-999-germs.jpg?tr=w-256,q=80', 'https://www.bigbasket.com/media/uploads/p/s/40129070-4_8-lizol-disinfectant-surface-floor-cleaner-liquid-citrus-kills-999-germs.jpg?tr=w-256,q=80', 'https://www.bigbasket.com/media/uploads/p/s/40129070-5_8-lizol-disinfectant-surface-floor-cleaner-liquid-citrus-kills-999-germs.jpg?tr=w-256,q=80', 'https://www.bigbasket.com/media/uploads/p/s/40129070-6_7-lizol-disinfectant-surface-floor-cleaner-liquid-citrus-kills-999-germs.jpg?tr=w-256,q=80', 'https://www.bigbasket.com/media/uploads/p/s/40129070-7_7-lizol-disinfectant-surface-floor-cleaner-liquid-citrus-kills-999-germs.jpg?tr=w-256,q=80', 'https://www.bigbasket.com/media/uploads/p/s/40129070-8_1-lizol-disinfectant-surface-floor-cleaner-liquid-citrus-kills-999-germs.jpg?tr=w-256,q=80', 'https://www.bigbasket.com/media/uploads/p/s/40129070-9_1-lizol-disinfectant-surface-floor-cleaner-liquid-citrus-kills-999-germs.jpg?tr=w-256,q=80', 'https://www.bigbasket.com/media/uploads/p/s/40129070-10_1-lizol-disinfectant-surface-floor-cleaner-liquid-citrus-kills-999-germs.jpg?tr=w-256,q=80']",https://www.bigbasket.com/pd/40129070/lizol-disinfectant-surface-floor-cleaner-liquid-citrus-kills-999-germs-5-l/?nc=cl-prod-list&t_pos_sec=1&t_pos_item=9&t_s=Disinfectant%2520Surface%2520%2526%2520Floor%2520Cleaner%2520Liquid%2520-%2520Citrus,"3 years, 5 months, and 28 days",41
Camphor Bhimseni Flakes - 100% Pure,Daivya Sparsh by bigbasket,Household and care,,₹94,100,g,100 g,"['https://www.bigbasket.com/media/uploads/p/s/40316716_5-daivya-sparsh-camphor-bhimseni-flakes-100-pure.jpg?tr=w-256,q=80', 'https://www.bigbasket.com/media/uploads/p/s/40316716-2_5-daivya-sparsh-camphor-bhimseni-flakes-100-pure.jpg?tr=w-256,q=80', 'https://www.bigbasket.com/media/uploads/p/s/40316716-3_5-daivya-sparsh-camphor-bhimseni-flakes-100-pure.jpg?tr=w-256,q=80', 'https://www.bigbasket.com/media/uploads/p/s/40316716-4_5-daivya-sparsh-camphor-bhimseni-flakes-100-pure.jpg?tr=w-256,q=80', 'https://www.bigbasket.com/media/uploads/p/s/40316716-5_5-daivya-sparsh-camphor-bhimseni-flakes-100-pure.jpg?tr=w-256,q=80', 'https://www.bigbasket.com/media/uploads/p/s/40316716-6_5-daivya-sparsh-camphor-bhimseni-flakes-100-pure.jpg?tr=w-256,q=80', 'https://www.bigbasket.com/media/uploads/p/s/40316716-7_5-daivya-sparsh-camphor-bhimseni-flakes-100-pure.jpg?tr=w-256,q=80', 'https://www.bigbasket.com/media/uploads/p/s/40316716-8_3-daivya-sparsh-camphor-bhimseni-flakes-100-pure.jpg?tr=w-256,q=80', 'https://www.bigbasket.com/media/uploads/p/s/40316716-9_2-daivya-sparsh-camphor-bhimseni-flakes-100-pure.jpg?tr=w-256,q=80', 'https://www.bigbasket.com/media/uploads/p/s/40316716-10_1-daivya-sparsh-camphor-bhimseni-flakes-100-pure.jpg?tr=w-256,q=80']",https://www.bigbasket.com/pd/40316716/daivya-sparsh-camphor-bhimseni-flakes-100-pure-100-g-jar/?nc=cl-prod-list&t_pos_sec=1&t_pos_item=10&t_s=Camphor%2520Bhimseni%2520Flakes%2520-%2520100%2525%2520Pure,"3 years, 5 months, and 28 days",41
Washing Detergent Powder - Matic Front Load,Ariel,Household and care,,₹160,,,3 x 2 Kg,"['https://www.bigbasket.com/media/uploads/p/s/1214198_1-ariel-detergent-washing-powder-matic-front-load.jpg?tr=w-256,q=80']",https://www.bigbasket.com/pd/1214198/ariel-detergent-washing-powder-matic-front-load-3-x-2-kg/?nc=cl-prod-list&t_pos_sec=1&t_pos_item=11&t_s=Detergent%2520Washing%2520Powder%2520-%2520Matic%2520Front%2520Load,"3 years, 5 months, and 28 days",41
"Disinfectant Bathroom Cleaner Liquid, Lemon",Harpic,Household and care,,₹110,1,L,1 L,"['https://www.bigbasket.com/media/uploads/p/s/1208843_9-harpic-disinfectant-bathroom-cleaner-liquid-lemon.jpg?tr=w-256,q=80', 'https://www.bigbasket.com/media/uploads/p/s/1208843-2_8-harpic-disinfectant-bathroom-cleaner-liquid-lemon.jpg?tr=w-256,q=80', 'https://www.bigbasket.com/media/uploads/p/s/1208843-3_8-harpic-disinfectant-bathroom-cleaner-liquid-lemon.jpg?tr=w-256,q=80', 'https://www.bigbasket.com/media/uploads/p/s/1208843-4_8-harpic-disinfectant-bathroom-cleaner-liquid-lemon.jpg?tr=w-256,q=80', 'https://www.bigbasket.com/media/uploads/p/s/1208843-5_8-harpic-disinfectant-bathroom-cleaner-liquid-lemon.jpg?tr=w-256,q=80', 'https://www.bigbasket.com/media/uploads/p/s/1208843-6_8-harpic-disinfectant-bathroom-cleaner-liquid-lemon.jpg?tr=w-256,q=80', 'https://www.bigbasket.com/media/uploads/p/s/1208843-7_7-harpic-disinfectant-bathroom-cleaner-liquid-lemon.jpg?tr=w-256,q=80', 'https://www.bigbasket.com/media/uploads/p/s/1208843-8_7-harpic-disinfectant-bathroom-cleaner-liquid-lemon.jpg?tr=w-256,q=80', 'https://www.bigbasket.com/media/uploads/p/s/1208843-9_5-harpic-disinfectant-bathroom-cleaner-liquid-lemon.jpg?tr=w-256,q=80', 'https://www.bigbasket.com/media/uploads/p/s/1208843-10_4-harpic-disinfectant-bathroom-cleaner-liquid-lemon.jpg?tr=w-256,q=80']",https://www.bigbasket.com/pd/1208843/harpic-disinfectant-bathroom-cleaner-liquid-lemon-2x1-l/?nc=cl-prod-list&t_pos_sec=1&t_pos_item=12&t_s=Disinfectant%2520Bathroom%2520Cleaner%2520Liquid%2520-%2520Lemon,"3 years, 5 months, and 28 days",41
Matic Front Load Liquid Detergent,Surf Excel,Household and care,,₹440,4,l,4 l,"['https://www.bigbasket.com/media/uploads/p/s/40323287_2-ariel-matic-front-load-liquid-detergent.jpg?tr=w-256,q=80', 'https://www.bigbasket.com/media/uploads/p/s/40323287-2_2-ariel-matic-front-load-liquid-detergent.jpg?tr=w-256,q=80', 'https://www.bigbasket.com/media/uploads/p/s/40323287-3_2-ariel-matic-front-load-liquid-detergent.jpg?tr=w-256,q=80', 'https://www.bigbasket.com/media/uploads/p/s/40323287-4_2-ariel-matic-front-load-liquid-detergent.jpg?tr=w-256,q=80', 'https://www.bigbasket.com/media/uploads/p/s/40323287-5_2-ariel-matic-front-load-liquid-detergent.jpg?tr=w-256,q=80', 'https://www.bigbasket.com/media/uploads/p/s/40323287-6_2-ariel-matic-front-load-liquid-detergent.jpg?tr=w-256,q=80', 'https://www.bigbasket.com/media/uploads/p/s/40323287-7_2-ariel-matic-front-load-liquid-detergent.jpg?tr=w-256,q=80', 'https://www.bigbasket.com/media/uploads/p/s/40323287-8_2-ariel-matic-front-load-liquid-detergent.jpg?tr=w-256,q=80']",https://www.bigbasket.com/pd/40323287/ariel-matic-front-load-liquid-detergent-4-l/?nc=cl-prod-list&t_pos_sec=1&t_pos_item=13&t_s=Matic%2520Front%2520Load%2520Liquid%2520Detergent,"3 years, 5 months, and 28 days",41
Dishwash Liquid Gel Lemon Refill,Vim,Household and care,,₹89,,,,"['https://www.bigbasket.com/media/uploads/p/s/40200751_2-vim-dishwash-liquid-gel-lemon-refill-pouch.jpg?tr=w-256,q=80', 'https://www.bigbasket.com/media/uploads/p/s/40200751-2_2-vim-dishwash-liquid-gel-lemon-refill-pouch.jpg?tr=w-256,q=80', 'https://www.bigbasket.com/media/uploads/p/s/40200751-3_2-vim-dishwash-liquid-gel-lemon-refill-pouch.jpg?tr=w-256,q=80', 'https://www.bigbasket.com/media/uploads/p/s/40200751-4_2-vim-dishwash-liquid-gel-lemon-refill-pouch.jpg?tr=w-256,q=80', 'https://www.bigbasket.com/media/uploads/p/s/40200751-5_2-vim-dishwash-liquid-gel-lemon-refill-pouch.jpg?tr=w-256,q=80', 'https://www.bigbasket.com/media/uploads/p/s/40200751-6_2-vim-dishwash-liquid-gel-lemon-refill-pouch.jpg?tr=w-256,q=80', 'https://www.bigbasket.com/media/uploads/p/s/40200751-7_2-vim-dishwash-liquid-gel-lemon-refill-pouch.jpg?tr=w-256,q=80']",https://www.bigbasket.com/pd/40200751/vim-dishwash-liquid-gel-lemon-refill-pouch-2-l/?nc=cl-prod-list&t_pos_sec=1&t_pos_item=14&t_s=Dishwash%2520Liquid%2520Gel%2520Lemon%2520Refill%2520Pouch,"3 years, 5 months, and 28 days",41
Puja Agarbatti - Sandal,Mangaldeep,Household and care,,₹10,,,,"['https://www.bigbasket.com/media/uploads/p/s/40316995_3-daivya-sparsh-sandal-agarbatti.jpg?tr=w-256,q=80', 'https://www.bigbasket.com/media/uploads/p/s/40316995-2_3-daivya-sparsh-sandal-agarbatti.jpg?tr=w-256,q=80', 'https://www.bigbasket.com/media/uploads/p/s/40316995-3_3-daivya-sparsh-sandal-agarbatti.jpg?tr=w-256,q=80', 'https://www.bigbasket.com/media/uploads/p/s/40316995-4_3-daivya-sparsh-sandal-agarbatti.jpg?tr=w-256,q=80', 'https://www.bigbasket.com/media/uploads/p/s/40316995-5_3-daivya-sparsh-sandal-agarbatti.jpg?tr=w-256,q=80', 'https://www.bigbasket.com/media/uploads/p/s/40316995-6_2-daivya-sparsh-sandal-agarbatti.jpg?tr=w-256,q=80', 'https://www.bigbasket.com/media/uploads/p/s/40316995-7_1-daivya-sparsh-sandal-agarbatti.jpg?tr=w-256,q=80', 'https://www.bigbasket.com/media/uploads/p/s/40316995-8_1-daivya-sparsh-sandal-agarbatti.jpg?tr=w-256,q=80']",https://www.bigbasket.com/pd/40316995/daivya-sparsh-sandal-agarbatti-125-g/?nc=cl-prod-list&t_pos_sec=1&t_pos_item=15&t_s=Sandal%2520Agarbatti,"3 years, 5 months, and 28 days",41
"Antiseptic Liquid for First Aid , Surface Disinfection, Floor Cleaner and Personal Hygiene,",Dettol,Household and care,,₹214.06,,,1L,"['https://www.bigbasket.com/media/uploads/p/s/40124254_9-dettol-antiseptic-disinfectant-liquid.jpg?tr=w-256,q=80', 'https://www.bigbasket.com/media/uploads/p/s/40124254-2_9-dettol-antiseptic-disinfectant-liquid.jpg?tr=w-256,q=80', 'https://www.bigbasket.com/media/uploads/p/s/40124254-3_7-dettol-antiseptic-disinfectant-liquid.jpg?tr=w-256,q=80', 'https://www.bigbasket.com/media/uploads/p/s/40124254-4_7-dettol-antiseptic-disinfectant-liquid.jpg?tr=w-256,q=80', 'https://www.bigbasket.com/media/uploads/p/s/40124254-5_7-dettol-antiseptic-disinfectant-liquid.jpg?tr=w-256,q=80', 'https://www.bigbasket.com/media/uploads/p/s/40124254-6_7-dettol-antiseptic-disinfectant-liquid.jpg?tr=w-256,q=80', 'https://www.bigbasket.com/media/uploads/p/s/40124254-7_7-dettol-antiseptic-disinfectant-liquid.jpg?tr=w-256,q=80', 'https://www.bigbasket.com/media/uploads/p/s/40124254-8_7-dettol-antiseptic-disinfectant-liquid.jpg?tr=w-256,q=80', 'https://www.bigbasket.com/media/uploads/p/s/40124254-9_1-dettol-antiseptic-disinfectant-liquid.jpg?tr=w-256,q=80', 'https://www.bigbasket.com/media/uploads/p/s/40124254-10_1-dettol-antiseptic-disinfectant-liquid.jpg?tr=w-256,q=80']",https://www.bigbasket.com/pd/40124254/dettol-antiseptic-disinfectant-liquid-1-l/?nc=cl-prod-list&t_pos_sec=1&t_pos_item=16&t_s=Antiseptic%2520Liquid%2520for%2520First%2520Aid%2520%252C%2520Surface%2520Disinfection%252C%2520Floor%2520Cleaner%2520and%2520Personal%2520Hygiene%252C,"3 years, 5 months, and 28 days",41
Cockroach Killer Spray,HIT,Household and care,,₹340,700,ml,700 ml,"['https://www.bigbasket.com/media/uploads/p/s/40183658_5-hit-cockroach-killer-spray.jpg?tr=w-256,q=80', 'https://www.bigbasket.com/media/uploads/p/s/40183658-2_7-hit-cockroach-killer-spray.jpg?tr=w-256,q=80', 'https://www.bigbasket.com/media/uploads/p/s/40183658-3_7-hit-cockroach-killer-spray.jpg?tr=w-256,q=80', 'https://www.bigbasket.com/media/uploads/p/s/40183658-4_7-hit-cockroach-killer-spray.jpg?tr=w-256,q=80', 'https://www.bigbasket.com/media/uploads/p/s/40183658-5_7-hit-cockroach-killer-spray.jpg?tr=w-256,q=80', 'https://www.bigbasket.com/media/uploads/p/s/40183658-6_7-hit-cockroach-killer-spray.jpg?tr=w-256,q=80', 'https://www.bigbasket.com/media/uploads/p/s/40183658-7_1-hit-cockroach-killer-spray.jpg?tr=w-256,q=80']",https://www.bigbasket.com/pd/40183658/hit-cockroach-killer-spray-700-ml/?nc=cl-prod-list&t_pos_sec=1&t_pos_item=17&t_s=Cockroach%2520Killer%2520Spray,"3 years, 5 months, and 28 days",41
After Wash Lily Fresh Fabric Conditioner,Comfort,Household and care,,₹220,2,L,2 L,"['https://www.bigbasket.com/media/uploads/p/s/40161365_5-comfort-after-wash-fabric-conditioner-lily-fresh.jpg?tr=w-256,q=80', 'https://www.bigbasket.com/media/uploads/p/s/40161365-2_1-comfort-after-wash-fabric-conditioner-lily-fresh.jpg?tr=w-256,q=80', 'https://www.bigbasket.com/media/uploads/p/s/40161365-3_1-comfort-after-wash-fabric-conditioner-lily-fresh.jpg?tr=w-256,q=80', 'https://www.bigbasket.com/media/uploads/p/s/40161365-4_1-comfort-after-wash-fabric-conditioner-lily-fresh.jpg?tr=w-256,q=80', 'https://www.bigbasket.com/media/uploads/p/s/40161365-5_1-comfort-after-wash-fabric-conditioner-lily-fresh.jpg?tr=w-256,q=80', 'https://www.bigbasket.com/media/uploads/p/s/40161365-6_1-comfort-after-wash-fabric-conditioner-lily-fresh.jpg?tr=w-256,q=80']",https://www.bigbasket.com/pd/40161365/comfort-after-wash-fabric-conditioner-lily-fresh-2-l-pouch/?nc=cl-prod-list&t_pos_sec=1&t_pos_item=18&t_s=After%2520Wash%2520Fabric%2520Conditioner%2520-%2520Lily%2520Fresh,"3 years, 5 months, and 28 days",41
Easy Wash Detergent Powder,Surf Excel,Household and care,,₹220.9,,,2 x 5 kg,"['https://www.bigbasket.com/media/uploads/p/s/1226809_1-surf-excel-easy-wash-detergent-powder.jpg?tr=w-256,q=80']",https://www.bigbasket.com/pd/1226809/surf-excel-easy-wash-detergent-powder-2-x-5-kg/?nc=cl-prod-list&t_pos_sec=1&t_pos_item=19&t_s=Easy%2520Wash%2520Detergent%2520Powder,"3 years, 5 months, and 28 days",41
"Disinfectant Toilet Cleaner Liquid - Jasmine, Removes Dirt & Stains",Harpic,Household and care,,₹94.5,3x1,L,3x1 L,"['https://www.bigbasket.com/media/uploads/p/s/1224616_4-harpic-disinfectant-toilet-cleaner-liquid-jasmine-removes-dirt-stains.jpg?tr=w-256,q=80', 'https://www.bigbasket.com/media/uploads/p/s/1224616-2_4-harpic-disinfectant-toilet-cleaner-liquid-jasmine-removes-dirt-stains.jpg?tr=w-256,q=80', 'https://www.bigbasket.com/media/uploads/p/s/1224616-3_4-harpic-disinfectant-toilet-cleaner-liquid-jasmine-removes-dirt-stains.jpg?tr=w-256,q=80', 'https://www.bigbasket.com/media/uploads/p/s/1224616-4_4-harpic-disinfectant-toilet-cleaner-liquid-jasmine-removes-dirt-stains.jpg?tr=w-256,q=80', 'https://www.bigbasket.com/media/uploads/p/s/1224616-5_4-harpic-disinfectant-toilet-cleaner-liquid-jasmine-removes-dirt-stains.jpg?tr=w-256,q=80', 'https://www.bigbasket.com/media/uploads/p/s/1224616-6_4-harpic-disinfectant-toilet-cleaner-liquid-jasmine-removes-dirt-stains.jpg?tr=w-256,q=80', 'https://www.bigbasket.com/media/uploads/p/s/1224616-7_4-harpic-disinfectant-toilet-cleaner-liquid-jasmine-removes-dirt-stains.jpg?tr=w-256,q=80', 'https://www.bigbasket.com/media/uploads/p/s/1224616-8_1-harpic-disinfectant-toilet-cleaner-liquid-jasmine-removes-dirt-stains.jpg?tr=w-256,q=80', 'https://www.bigbasket.com/media/uploads/p/s/1224616-9_1-harpic-disinfectant-toilet-cleaner-liquid-jasmine-removes-dirt-stains.jpg?tr=w-256,q=80']",https://www.bigbasket.com/pd/1224616/harpic-disinfectant-toilet-cleaner-liquid-jasmine-removes-dirt-stains-3x1-l/?nc=cl-prod-list&t_pos_sec=1&t_pos_item=20&t_s=Disinfectant%2520Toilet%2520Cleaner%2520Liquid%2520-%2520Jasmine%252C%2520Removes%2520Dirt%2520%2526%2520Stains,"3 years, 5 months, and 28 days",41
Matic Liquid Detergent - For Top Load Washing,Genteel,Household and care,,₹229.5,2x2,kg,2x2 kg,"['https://www.bigbasket.com/media/uploads/p/s/1224051_2-genteel-liquid-detergent-for-both-top-load-front-load-washing.jpg?tr=w-256,q=80', 'https://www.bigbasket.com/media/uploads/p/s/1224051-2_2-genteel-liquid-detergent-for-both-top-load-front-load-washing.jpg?tr=w-256,q=80', 'https://www.bigbasket.com/media/uploads/p/s/1224051-3_2-genteel-liquid-detergent-for-both-top-load-front-load-washing.jpg?tr=w-256,q=80', 'https://www.bigbasket.com/media/uploads/p/s/1224051-4_2-genteel-liquid-detergent-for-both-top-load-front-load-washing.jpg?tr=w-256,q=80', 'https://www.bigbasket.com/media/uploads/p/s/1224051-5_2-genteel-liquid-detergent-for-both-top-load-front-load-washing.jpg?tr=w-256,q=80', 'https://www.bigbasket.com/media/uploads/p/s/1224051-6_2-genteel-liquid-detergent-for-both-top-load-front-load-washing.jpg?tr=w-256,q=80', 'https://www.bigbasket.com/media/uploads/p/s/1224051-7_1-genteel-liquid-detergent-for-both-top-load-front-load-washing.jpg?tr=w-256,q=80', 'https://www.bigbasket.com/media/uploads/p/s/1224051-8_1-genteel-liquid-detergent-for-both-top-load-front-load-washing.jpg?tr=w-256,q=80', 'https://www.bigbasket.com/media/uploads/p/s/1224051-9_1-genteel-liquid-detergent-for-both-top-load-front-load-washing.jpg?tr=w-256,q=80', 'https://www.bigbasket.com/media/uploads/p/s/1224051-10_1-genteel-liquid-detergent-for-both-top-load-front-load-washing.jpg?tr=w-256,q=80']",https://www.bigbasket.com/pd/1224051/genteel-liquid-detergent-for-both-top-load-front-load-washing-2x2-kg/?nc=cl-prod-list&t_pos_sec=1&t_pos_item=21&t_s=Matic%2520Liquid%2520Detergent%2520-%2520%2520For%2520Top%2520Load%2520Washing,"3 years, 5 months, and 28 days",41
"Garbage Bags - Medium, Blue, 48 x 53 cm",bb home,Household and care,,₹122,,,,"['https://www.bigbasket.com/media/uploads/p/s/40137710_19-bb-home-oxo-biodegradable-garbage-bag-medium-blue.jpg?tr=w-256,q=80', 'https://www.bigbasket.com/media/uploads/p/s/40137710-2_18-bb-home-oxo-biodegradable-garbage-bag-medium-blue.jpg?tr=w-256,q=80', 'https://www.bigbasket.com/media/uploads/p/s/40137710-3_5-bb-home-oxo-biodegradable-garbage-bag-medium-blue.jpg?tr=w-256,q=80', 'https://www.bigbasket.com/media/uploads/p/s/40137710-4_6-bb-home-oxo-biodegradable-garbage-bag-medium-blue.jpg?tr=w-256,q=80', 'https://www.bigbasket.com/media/uploads/p/s/40137710-5_5-bb-home-oxo-biodegradable-garbage-bag-medium-blue.jpg?tr=w-256,q=80', 'https://www.bigbasket.com/media/uploads/p/s/40137710-6_4-bb-home-oxo-biodegradable-garbage-bag-medium-blue.jpg?tr=w-256,q=80', 'https://www.bigbasket.com/media/uploads/p/s/40137710-7_2-bb-home-oxo-biodegradable-garbage-bag-medium-blue.jpg?tr=w-256,q=80', 'https://www.bigbasket.com/media/uploads/p/s/40137710-8_1-bb-home-oxo-biodegradable-garbage-bag-medium-blue.jpg?tr=w-256,q=80', 'https://www.bigbasket.com/media/uploads/p/s/40137710-9_1-bb-home-oxo-biodegradable-garbage-bag-medium-blue.jpg?tr=w-256,q=80']",https://www.bigbasket.com/pd/40137710/bb-home-oxo-biodegradable-garbage-bag-medium-blue-30-pcs-19x21/?nc=cl-prod-list&t_pos_sec=1&t_pos_item=22&t_s=Garbage%2520Bags%2520-%2520Medium%252C%2520Blue%252C%252048%2520x%252053%2520cm,"3 years, 5 months, and 28 days",41
After Wash Morning Fresh Fabric Conditioner,Comfort,Household and care,,₹54.52,860,ml,860 ml,"['https://www.bigbasket.com/media/uploads/p/s/230745_18-comfort-after-wash-morning-fresh-fabric-conditioner.jpg?tr=w-256,q=80', 'https://www.bigbasket.com/media/uploads/p/s/230745-2_9-comfort-after-wash-morning-fresh-fabric-conditioner.jpg?tr=w-256,q=80', 'https://www.bigbasket.com/media/uploads/p/s/230745-3_8-comfort-after-wash-morning-fresh-fabric-conditioner.jpg?tr=w-256,q=80', 'https://www.bigbasket.com/media/uploads/p/s/230745-4_6-comfort-after-wash-morning-fresh-fabric-conditioner.jpg?tr=w-256,q=80', 'https://www.bigbasket.com/media/uploads/p/s/230745-5_1-comfort-after-wash-morning-fresh-fabric-conditioner.jpg?tr=w-256,q=80', 'https://www.bigbasket.com/media/uploads/p/s/230745-6_1-comfort-after-wash-morning-fresh-fabric-conditioner.jpg?tr=w-256,q=80']",https://www.bigbasket.com/pd/230745/comfort-after-wash-morning-fresh-fabric-conditioner-860-ml/?nc=cl-prod-list&t_pos_sec=1&t_pos_item=23&t_s=After%2520Wash%2520Morning%2520Fresh%2520Fabric%2520Conditioner,"3 years, 5 months, and 28 days",41
"Garbage Bags - Medium, Green, 48 x 53 cm",bb home,Household and care,,₹122,,,,"['https://www.bigbasket.com/media/uploads/p/s/40137713_18-bb-home-oxo-biodegradable-garbage-bag-medium-green.jpg?tr=w-256,q=80', 'https://www.bigbasket.com/media/uploads/p/s/40137713-2_17-bb-home-oxo-biodegradable-garbage-bag-medium-green.jpg?tr=w-256,q=80', 'https://www.bigbasket.com/media/uploads/p/s/40137713-3_4-bb-home-oxo-biodegradable-garbage-bag-medium-green.jpg?tr=w-256,q=80', 'https://www.bigbasket.com/media/uploads/p/s/40137713-4_5-bb-home-oxo-biodegradable-garbage-bag-medium-green.jpg?tr=w-256,q=80', 'https://www.bigbasket.com/media/uploads/p/s/40137713-5_4-bb-home-oxo-biodegradable-garbage-bag-medium-green.jpg?tr=w-256,q=80', 'https://www.bigbasket.com/media/uploads/p/s/40137713-6_4-bb-home-oxo-biodegradable-garbage-bag-medium-green.jpg?tr=w-256,q=80', 'https://www.bigbasket.com/media/uploads/p/s/40137713-7_4-bb-home-oxo-biodegradable-garbage-bag-medium-green.jpg?tr=w-256,q=80', 'https://www.bigbasket.com/media/uploads/p/s/40137713-8_1-bb-home-oxo-biodegradable-garbage-bag-medium-green.jpg?tr=w-256,q=80', 'https://www.bigbasket.com/media/uploads/p/s/40137713-9_1-bb-home-oxo-biodegradable-garbage-bag-medium-green.jpg?tr=w-256,q=80']",https://www.bigbasket.com/pd/40137713/bb-home-oxo-biodegradable-garbage-bag-medium-green-30-pcs-19x21/?nc=cl-prod-list&t_pos_sec=1&t_pos_item=24&t_s=Garbage%2520Bags%2520-%2520Medium%252C%2520Green%252C%252048%2520x%252053%2520cm,"3 years, 5 months, and 28 days",41
"Detergent - Liquid, Matic, Top Load",Surf Excel,Household and care,,₹394.8,4,l,4 l,"['https://www.bigbasket.com/media/uploads/p/s/40323286_2-ariel-matic-top-load-liquid-detergent.jpg?tr=w-256,q=80', 'https://www.bigbasket.com/media/uploads/p/s/40323286-2_2-ariel-matic-top-load-liquid-detergent.jpg?tr=w-256,q=80', 'https://www.bigbasket.com/media/uploads/p/s/40323286-3_2-ariel-matic-top-load-liquid-detergent.jpg?tr=w-256,q=80', 'https://www.bigbasket.com/media/uploads/p/s/40323286-4_2-ariel-matic-top-load-liquid-detergent.jpg?tr=w-256,q=80', 'https://www.bigbasket.com/media/uploads/p/s/40323286-5_2-ariel-matic-top-load-liquid-detergent.jpg?tr=w-256,q=80', 'https://www.bigbasket.com/media/uploads/p/s/40323286-6_2-ariel-matic-top-load-liquid-detergent.jpg?tr=w-256,q=80', 'https://www.bigbasket.com/media/uploads/p/s/40323286-7_2-ariel-matic-top-load-liquid-detergent.jpg?tr=w-256,q=80', 'https://www.bigbasket.com/media/uploads/p/s/40323286-8_2-ariel-matic-top-load-liquid-detergent.jpg?tr=w-256,q=80']",https://www.bigbasket.com/pd/40323286/ariel-matic-top-load-liquid-detergent-4-l/?nc=cl-prod-list&t_pos_sec=1&t_pos_item=25&t_s=Matic%2520Top%2520Load%2520Liquid%2520Detergent,"3 years, 5 months, and 28 days",41
Double Power Detergent Washing Powder - Jasmine & Rose,Tide,Household and care,,₹1229.76,6,kg,6 kg,"['https://www.bigbasket.com/media/uploads/p/s/40128633_12-tide-double-power-detergent-washing-powder-jasmine-rose.jpg?tr=w-256,q=80', 'https://www.bigbasket.com/media/uploads/p/s/40128633-2_1-tide-double-power-detergent-washing-powder-jasmine-rose.jpg?tr=w-256,q=80', 'https://www.bigbasket.com/media/uploads/p/s/40128633-3_1-tide-double-power-detergent-washing-powder-jasmine-rose.jpg?tr=w-256,q=80', 'https://www.bigbasket.com/media/uploads/p/s/40128633-4_1-tide-double-power-detergent-washing-powder-jasmine-rose.jpg?tr=w-256,q=80', 'https://www.bigbasket.com/media/uploads/p/s/40128633-5_1-tide-double-power-detergent-washing-powder-jasmine-rose.jpg?tr=w-256,q=80', 'https://www.bigbasket.com/media/uploads/p/s/40128633-6_1-tide-double-power-detergent-washing-powder-jasmine-rose.jpg?tr=w-256,q=80', 'https://www.bigbasket.com/media/uploads/p/s/40128633-7_1-tide-double-power-detergent-washing-powder-jasmine-rose.jpg?tr=w-256,q=80']",https://www.bigbasket.com/pd/40128633/tide-double-power-detergent-washing-powder-jasmine-rose-6-kg/?nc=cl-prod-list&t_pos_sec=1&t_pos_item=26&t_s=Double%2520Power%2520Detergent%2520Washing%2520Powder%2520Jasmine%2520%2526%2520Rose,"3 years, 5 months, and 28 days",41
"Antiseptic Liquid for First Aid , Surface Disinfection, Floor Cleaner and Personal Hygiene,",Dettol,Household and care,,₹365,,,2 x 2 L,"['https://www.bigbasket.com/media/uploads/p/s/1220472_1-nimyle-floor-cleaner-herbal.jpg?tr=w-256,q=80']",https://www.bigbasket.com/pd/1220472/nimyle-floor-cleaner-herbal-2-x-2-l/?nc=cl-prod-list&t_pos_sec=1&t_pos_item=27&t_s=Floor%2520Cleaner%2520Herbal,"3 years, 5 months, and 28 days",41
"Antiseptic Liquid for First Aid , Surface Disinfection, Floor Cleaner and Personal Hygiene,",Dettol,Household and care,,₹365,1,L,1 L,"['https://www.bigbasket.com/media/uploads/p/s/40206004_5-bb-home-disinfectant-floor-surface-cleaner-citrus-kills-999-germs.jpg?tr=w-256,q=80', 'https://www.bigbasket.com/media/uploads/p/s/40206004-2_3-bb-home-disinfectant-floor-surface-cleaner-citrus-kills-999-germs.jpg?tr=w-256,q=80', 'https://www.bigbasket.com/media/uploads/p/s/40206004-3_4-bb-home-disinfectant-floor-surface-cleaner-citrus-kills-999-germs.jpg?tr=w-256,q=80', 'https://www.bigbasket.com/media/uploads/p/s/40206004-4_3-bb-home-disinfectant-floor-surface-cleaner-citrus-kills-999-germs.jpg?tr=w-256,q=80']",https://www.bigbasket.com/pd/40206004/bb-home-disinfectant-floor-surface-cleaner-citrus-kills-999-germs-1-l/?nc=cl-prod-list&t_pos_sec=1&t_pos_item=28&t_s=Disinfectant%2520Floor%2520Surface%2520Cleaner%2520Liquid%2520-%2520Citrus%2520Lemon,"3 years, 5 months, and 28 days",41
Matic Top Load Detergent Washing Powder,Ariel,Household and care,,₹1234.75,,,3 x 2 Kg,"['https://www.bigbasket.com/media/uploads/p/s/1214199_1-ariel-detergent-washing-powder-matic-top-load.jpg?tr=w-256,q=80']",https://www.bigbasket.com/pd/1214199/ariel-detergent-washing-powder-matic-top-load-3-x-2-kg/?nc=cl-prod-list&t_pos_sec=1&t_pos_item=29&t_s=Detergent%2520Washing%2520Powder%2520-%2520Matic%2520Top%2520Load,"3 years, 5 months, and 28 days",41
White & Shine Disinfectant Toilet Cleaner Bleach,Harpic,Household and care,,₹105.6,3X500,ml,3X500 ml,"['https://www.bigbasket.com/media/uploads/p/s/1215375_10-bb-combo-harpic-toilet-cleaner-liquid-1l-air-wick-scented-wild-berries-gel-70-g.jpg?tr=w-256,q=80', 'https://www.bigbasket.com/media/uploads/p/s/1215375-2_6-bb-combo-harpic-toilet-cleaner-liquid-1l-air-wick-scented-wild-berries-gel-70-g.jpg?tr=w-256,q=80', 'https://www.bigbasket.com/media/uploads/p/s/1215375-3_6-bb-combo-harpic-toilet-cleaner-liquid-1l-air-wick-scented-wild-berries-gel-70-g.jpg?tr=w-256,q=80', 'https://www.bigbasket.com/media/uploads/p/s/1215375-4_6-bb-combo-harpic-toilet-cleaner-liquid-1l-air-wick-scented-wild-berries-gel-70-g.jpg?tr=w-256,q=80', 'https://www.bigbasket.com/media/uploads/p/s/1215375-5_6-bb-combo-harpic-toilet-cleaner-liquid-1l-air-wick-scented-wild-berries-gel-70-g.jpg?tr=w-256,q=80', 'https://www.bigbasket.com/media/uploads/p/s/1215375-6_6-bb-combo-harpic-toilet-cleaner-liquid-1l-air-wick-scented-wild-berries-gel-70-g.jpg?tr=w-256,q=80', 'https://www.bigbasket.com/media/uploads/p/s/1215375-7_6-bb-combo-harpic-toilet-cleaner-liquid-1l-air-wick-scented-wild-berries-gel-70-g.jpg?tr=w-256,q=80', 'https://www.bigbasket.com/media/uploads/p/s/1215375-8_2-bb-combo-harpic-toilet-cleaner-liquid-1l-air-wick-scented-wild-berries-gel-70-g.jpg?tr=w-256,q=80']",https://www.bigbasket.com/pd/1215375/bb-combo-harpic-toilet-cleaner-liquid-1l-air-wick-scented-wild-berries-gel-70-g-combo/?nc=cl-prod-list&t_pos_sec=1&t_pos_item=30&t_s=White%2520%2526%2520Shine%2520Disinfectant%2520Toilet%2520Cleaner%2520-%2520Bleach,"3 years, 5 months, and 28 days",41
"Power Pocket - Bathroom Air Fragrance, Assorted",Godrej Aer,Household and care,,₹169.2,10,g,10 g,"['https://www.bigbasket.com/media/uploads/p/s/40122556_5-godrej-aer-power-pocket-bathroom-air-fragrance-assorted.jpg?tr=w-256,q=80', 'https://www.bigbasket.com/media/uploads/p/s/40122556-2_3-godrej-aer-power-pocket-bathroom-air-fragrance-assorted.jpg?tr=w-256,q=80', 'https://www.bigbasket.com/media/uploads/p/s/40122556-3_2-godrej-aer-power-pocket-bathroom-air-fragrance-assorted.jpg?tr=w-256,q=80', 'https://www.bigbasket.com/media/uploads/p/s/40122556-4_2-godrej-aer-power-pocket-bathroom-air-fragrance-assorted.jpg?tr=w-256,q=80', 'https://www.bigbasket.com/media/uploads/p/s/40122556-5_1-godrej-aer-power-pocket-bathroom-air-fragrance-assorted.jpg?tr=w-256,q=80', 'https://www.bigbasket.com/media/uploads/p/s/40122556-6_1-godrej-aer-power-pocket-bathroom-air-fragrance-assorted.jpg?tr=w-256,q=80', 'https://www.bigbasket.com/media/uploads/p/s/40122556-7_1-godrej-aer-power-pocket-bathroom-air-fragrance-assorted.jpg?tr=w-256,q=80']",https://www.bigbasket.com/pd/40122556/godrej-aer-power-pocket-bathroom-air-fragrance-assorted-10-g/?nc=cl-prod-list&t_pos_sec=1&t_pos_item=31&t_s=Power%2520Pocket%2520-%2520Bathroom%2520Air%2520Fragrance%252C%2520Assorted,"3 years, 5 months, and 28 days",41
Kitchen Towels - 2 Ply,Premier,Household and care,,₹170,4,pcs,4 pcs,"['https://www.bigbasket.com/media/uploads/p/s/101725_2-premier-kitchen-towel.jpg?tr=w-256,q=80', 'https://www.bigbasket.com/media/uploads/p/s/101725-2_2-premier-kitchen-towel.jpg?tr=w-256,q=80', 'https://www.bigbasket.com/media/uploads/p/s/101725-3_2-premier-kitchen-towel.jpg?tr=w-256,q=80', 'https://www.bigbasket.com/media/uploads/p/s/101725-4_1-premier-kitchen-towel.jpg?tr=w-256,q=80', 'https://www.bigbasket.com/media/uploads/p/s/101725-5_1-premier-kitchen-towel.jpg?tr=w-256,q=80']",https://www.bigbasket.com/pd/101725/premier-kitchen-towel-4-pcs/?nc=cl-prod-list&t_pos_sec=1&t_pos_item=32&t_s=Kitchen%2520Towel,"3 years, 5 months, and 28 days",41
Harpic Toilet Cleaner Original Power Plus 1L +Dettol Hand Wash Liquid Pump 200ml,bb Combo,Household and care,,₹294,,,3 x 1 L,"['https://www.bigbasket.com/media/uploads/p/s/1224202_2-bb-home-toilet-cleaner-original.jpg?tr=w-256,q=80', 'https://www.bigbasket.com/media/uploads/p/s/1224202-2_2-bb-home-toilet-cleaner-original.jpg?tr=w-256,q=80', 'https://www.bigbasket.com/media/uploads/p/s/1224202-3_2-bb-home-toilet-cleaner-original.jpg?tr=w-256,q=80', 'https://www.bigbasket.com/media/uploads/p/s/1224202-4_2-bb-home-toilet-cleaner-original.jpg?tr=w-256,q=80', 'https://www.bigbasket.com/media/uploads/p/s/1224202-5_2-bb-home-toilet-cleaner-original.jpg?tr=w-256,q=80', 'https://www.bigbasket.com/media/uploads/p/s/1224202-6_1-bb-home-toilet-cleaner-original.jpg?tr=w-256,q=80', 'https://www.bigbasket.com/media/uploads/p/s/1224202-7_1-bb-home-toilet-cleaner-original.jpg?tr=w-256,q=80', 'https://www.bigbasket.com/media/uploads/p/s/1224202-8_1-bb-home-toilet-cleaner-original.jpg?tr=w-256,q=80']",https://www.bigbasket.com/pd/1224202/bb-home-toilet-cleaner-original-3-x-1-l/?nc=cl-prod-list&t_pos_sec=1&t_pos_item=33&t_s=Toilet%2520Cleaner%2520-%2520Original,"3 years, 5 months, and 28 days",41
Dishwash Liquid Gel - Lime,Pril,Household and care,,₹464.07,750,ml,750 ml,"['https://www.bigbasket.com/media/uploads/p/s/100134172_6-pril-dishwash-liquid-lime.jpg?tr=w-256,q=80', 'https://www.bigbasket.com/media/uploads/p/s/100134172-2_4-pril-dishwash-liquid-lime.jpg?tr=w-256,q=80', 'https://www.bigbasket.com/media/uploads/p/s/100134172-3_2-pril-dishwash-liquid-lime.jpg?tr=w-256,q=80', 'https://www.bigbasket.com/media/uploads/p/s/100134172-4_2-pril-dishwash-liquid-lime.jpg?tr=w-256,q=80', 'https://www.bigbasket.com/media/uploads/p/s/100134172-5_2-pril-dishwash-liquid-lime.jpg?tr=w-256,q=80', 'https://www.bigbasket.com/media/uploads/p/s/100134172-6_2-pril-dishwash-liquid-lime.jpg?tr=w-256,q=80']",https://www.bigbasket.com/pd/100134172/pril-dishwash-liquid-lime-750-ml-bottle/?nc=cl-prod-list&t_pos_sec=1&t_pos_item=34&t_s=Dishwash%2520Liquid%2520Gel%2520-%2520Lime,"3 years, 5 months, and 28 days",41
"Natural Glass Cleaner Spray - Provides Shine, Removes Tough Stains",Herbiza,Household and care,,₹115.5,,,500 ml each,"['https://www.bigbasket.com/media/uploads/p/s/1207194_13-colin-glass-cleaner-liquid-spray.jpg?tr=w-256,q=80', 'https://www.bigbasket.com/media/uploads/p/s/1207194-2_11-colin-glass-cleaner-liquid-spray.jpg?tr=w-256,q=80', 'https://www.bigbasket.com/media/uploads/p/s/1207194-3_11-colin-glass-cleaner-liquid-spray.jpg?tr=w-256,q=80', 'https://www.bigbasket.com/media/uploads/p/s/1207194-4_11-colin-glass-cleaner-liquid-spray.jpg?tr=w-256,q=80', 'https://www.bigbasket.com/media/uploads/p/s/1207194-5_11-colin-glass-cleaner-liquid-spray.jpg?tr=w-256,q=80', 'https://www.bigbasket.com/media/uploads/p/s/1207194-6_11-colin-glass-cleaner-liquid-spray.jpg?tr=w-256,q=80', 'https://www.bigbasket.com/media/uploads/p/s/1207194-7_11-colin-glass-cleaner-liquid-spray.jpg?tr=w-256,q=80']",https://www.bigbasket.com/pd/1207194/colin-glass-cleaner-liquid-spray-3x500-ml/?nc=cl-prod-list&t_pos_sec=1&t_pos_item=35&t_s=Glass%2520%2526%2520Surface%2520Cleaner%2520Liquid%2520Spray%252C%2520Regular,"3 years, 5 months, and 28 days",41
"Power Activ+ Liquid Vapourizer, Mosquito Repellent 60 Nights Jumbo Refill",Good knight,Household and care,,₹85,,,45 ml each,"['https://www.bigbasket.com/media/uploads/p/s/40007013_5-good-knight-power-activ-mosquito-repellent-refill.jpg?tr=w-256,q=80', 'https://www.bigbasket.com/media/uploads/p/s/40007013-2_6-good-knight-power-activ-mosquito-repellent-refill.jpg?tr=w-256,q=80', 'https://www.bigbasket.com/media/uploads/p/s/40007013-3_6-good-knight-power-activ-mosquito-repellent-refill.jpg?tr=w-256,q=80', 'https://www.bigbasket.com/media/uploads/p/s/40007013-4_5-good-knight-power-activ-mosquito-repellent-refill.jpg?tr=w-256,q=80', 'https://www.bigbasket.com/media/uploads/p/s/40007013-5_5-good-knight-power-activ-mosquito-repellent-refill.jpg?tr=w-256,q=80', 'https://www.bigbasket.com/media/uploads/p/s/40007013-6_5-good-knight-power-activ-mosquito-repellent-refill.jpg?tr=w-256,q=80', 'https://www.bigbasket.com/media/uploads/p/s/40007013-7_5-good-knight-power-activ-mosquito-repellent-refill.jpg?tr=w-256,q=80']",https://www.bigbasket.com/pd/40007013/good-knight-power-activ-mosquito-repellent-refill-45-ml/?nc=cl-prod-list&t_pos_sec=1&t_pos_item=36&t_s=Power%2520Activ%252B%2520Liquid%2520Vapourizer%252C%2520Mosquito%2520Repellent%2520Refill,"3 years, 5 months, and 28 days",41
"Antiseptic Liquid for First Aid , Surface Disinfection, Floor Cleaner and Personal Hygiene,",Dettol,Household and care,,₹365,,,,"['https://www.bigbasket.com/media/uploads/p/s/40198234_4-lizol-disinfectant-surface-floor-cleaner-liquid-citrus.jpg?tr=w-256,q=80', 'https://www.bigbasket.com/media/uploads/p/s/40198234-2_4-lizol-disinfectant-surface-floor-cleaner-liquid-citrus.jpg?tr=w-256,q=80', 'https://www.bigbasket.com/media/uploads/p/s/40198234-3_4-lizol-disinfectant-surface-floor-cleaner-liquid-citrus.jpg?tr=w-256,q=80', 'https://www.bigbasket.com/media/uploads/p/s/40198234-4_4-lizol-disinfectant-surface-floor-cleaner-liquid-citrus.jpg?tr=w-256,q=80', 'https://www.bigbasket.com/media/uploads/p/s/40198234-5_4-lizol-disinfectant-surface-floor-cleaner-liquid-citrus.jpg?tr=w-256,q=80', 'https://www.bigbasket.com/media/uploads/p/s/40198234-6_4-lizol-disinfectant-surface-floor-cleaner-liquid-citrus.jpg?tr=w-256,q=80', 'https://www.bigbasket.com/media/uploads/p/s/40198234-7_3-lizol-disinfectant-surface-floor-cleaner-liquid-citrus.jpg?tr=w-256,q=80', 'https://www.bigbasket.com/media/uploads/p/s/40198234-8_1-lizol-disinfectant-surface-floor-cleaner-liquid-citrus.jpg?tr=w-256,q=80', 'https://www.bigbasket.com/media/uploads/p/s/40198234-9_1-lizol-disinfectant-surface-floor-cleaner-liquid-citrus.jpg?tr=w-256,q=80', 'https://www.bigbasket.com/media/uploads/p/s/40198234-10_1-lizol-disinfectant-surface-floor-cleaner-liquid-citrus.jpg?tr=w-256,q=80']",https://www.bigbasket.com/pd/40198234/lizol-disinfectant-surface-floor-cleaner-liquid-citrus-18-l-refill-pack/?nc=cl-prod-list&t_pos_sec=1&t_pos_item=37&t_s=Disinfectant%2520Surface%2520%2526%2520Floor%2520Cleaner%2520Liquid%2520Refill%2520Pack%2520-%2520Citrus,"3 years, 5 months, and 28 days",41
"Glass & Surface Cleaner Liquid Spray, Regular",Colin,Household and care,,₹100,,,,"['https://www.bigbasket.com/media/uploads/p/s/40174606_12-colin-glass-cleaner-liquid-refill-pack-cleans-mirror-car-home-appliances.jpg?tr=w-256,q=80', 'https://www.bigbasket.com/media/uploads/p/s/40174606-2_12-colin-glass-cleaner-liquid-refill-pack-cleans-mirror-car-home-appliances.jpg?tr=w-256,q=80', 'https://www.bigbasket.com/media/uploads/p/s/40174606-3_12-colin-glass-cleaner-liquid-refill-pack-cleans-mirror-car-home-appliances.jpg?tr=w-256,q=80', 'https://www.bigbasket.com/media/uploads/p/s/40174606-4_12-colin-glass-cleaner-liquid-refill-pack-cleans-mirror-car-home-appliances.jpg?tr=w-256,q=80', 'https://www.bigbasket.com/media/uploads/p/s/40174606-5_12-colin-glass-cleaner-liquid-refill-pack-cleans-mirror-car-home-appliances.jpg?tr=w-256,q=80', 'https://www.bigbasket.com/media/uploads/p/s/40174606-6_12-colin-glass-cleaner-liquid-refill-pack-cleans-mirror-car-home-appliances.jpg?tr=w-256,q=80', 'https://www.bigbasket.com/media/uploads/p/s/40174606-7_12-colin-glass-cleaner-liquid-refill-pack-cleans-mirror-car-home-appliances.jpg?tr=w-256,q=80', 'https://www.bigbasket.com/media/uploads/p/s/40174606-8_6-colin-glass-cleaner-liquid-refill-pack-cleans-mirror-car-home-appliances.jpg?tr=w-256,q=80']",https://www.bigbasket.com/pd/40174606/colin-glass-cleaner-liquid-refill-pack-cleans-mirror-car-home-appliances-1-l/?nc=cl-prod-list&t_pos_sec=1&t_pos_item=38&t_s=Glass%2520%2526%2520Surface%2520Cleaner%2520Liquid%252C%2520Refill,"3 years, 5 months, and 28 days",41
"Kitchen Tissue Paper Roll/Napkin - 2-Ply, 100% Virgin Fibre, Soft & Absorbent",bb home,Household and care,,₹259,,,,"['https://www.bigbasket.com/media/uploads/p/s/40201018_3-bb-home-kitchen-towel-2-ply-100-virgin-pulppaper.jpg?tr=w-256,q=80', 'https://www.bigbasket.com/media/uploads/p/s/40201018-2_2-bb-home-kitchen-towel-2-ply-100-virgin-pulppaper.jpg?tr=w-256,q=80', 'https://www.bigbasket.com/media/uploads/p/s/40201018-3_2-bb-home-kitchen-towel-2-ply-100-virgin-pulppaper.jpg?tr=w-256,q=80', 'https://www.bigbasket.com/media/uploads/p/s/40201018-4_2-bb-home-kitchen-towel-2-ply-100-virgin-pulppaper.jpg?tr=w-256,q=80', 'https://www.bigbasket.com/media/uploads/p/s/40201018-5_3-bb-home-kitchen-towel-2-ply-100-virgin-pulppaper.jpg?tr=w-256,q=80', 'https://www.bigbasket.com/media/uploads/p/s/40201018-6_2-bb-home-kitchen-towel-2-ply-100-virgin-pulppaper.jpg?tr=w-256,q=80']",https://www.bigbasket.com/pd/40201018/bb-home-kitchen-towel-2-ply-100-virgin-pulppaper-60-pulls-pouch/?nc=cl-prod-list&t_pos_sec=1&t_pos_item=39&t_s=Kitchen%2520tissue-%2520towel-2-ply-100-virgin-pulppaper,"3 years, 5 months, and 28 days",41
Top Load + Matic Liquid Free Detergent Washing Powder,Ariel,Household and care,,₹1399,,,3 x 2 kg,"['https://www.bigbasket.com/media/uploads/p/s/1215967_1-surf-excel-matic-top-load-detergent-powder.jpg?tr=w-256,q=80', 'https://www.bigbasket.com/media/uploads/p/s/1215967-2_1-surf-excel-matic-top-load-detergent-powder.jpg?tr=w-256,q=80']",https://www.bigbasket.com/pd/1215967/surf-excel-matic-top-load-detergent-powder-3-x-2-kg/?nc=cl-prod-list&t_pos_sec=1&t_pos_item=40&t_s=Matic%2520Top%2520Load%2520Detergent%2520Powder,"3 years, 5 months, and 28 days",41
Active Detergent Powder - Green Lemon & Jasmine,Wheel,Household and care,,₹134,,,,"['https://www.bigbasket.com/media/uploads/p/s/281513_18-wheel-green-lemon-jasmine-detergent-powder.jpg?tr=w-256,q=80', 'https://www.bigbasket.com/media/uploads/p/s/281513-2_6-wheel-green-lemon-jasmine-detergent-powder.jpg?tr=w-256,q=80', 'https://www.bigbasket.com/media/uploads/p/s/281513-3_2-wheel-green-lemon-jasmine-detergent-powder.jpg?tr=w-256,q=80', 'https://www.bigbasket.com/media/uploads/p/s/281513-4_2-wheel-green-lemon-jasmine-detergent-powder.jpg?tr=w-256,q=80', 'https://www.bigbasket.com/media/uploads/p/s/281513-5_2-wheel-green-lemon-jasmine-detergent-powder.jpg?tr=w-256,q=80', 'https://www.bigbasket.com/media/uploads/p/s/281513-6_2-wheel-green-lemon-jasmine-detergent-powder.jpg?tr=w-256,q=80']",https://www.bigbasket.com/pd/281513/wheel-green-lemon-jasmine-detergent-powder-1-kg/?nc=cl-prod-list&t_pos_sec=1&t_pos_item=41&t_s=Green%2520Lemon%2520%2526%2520Jasmine%2520Detergent%2520Powder,"3 years, 5 months, and 28 days",41
"Ultra Liquid Vaporizer Mosquito Repellent Refills - Kills Dengue, Malaria, & Chikungunya Mosquitoes",All Out,Household and care,,₹140,45,ml,45 ml,"['https://www.bigbasket.com/media/uploads/p/s/140480_20-all-out-super-mosquito-repellant-60-nights-refill-bedtime-protection.jpg?tr=w-256,q=80', 'https://www.bigbasket.com/media/uploads/p/s/140480-2_7-all-out-super-mosquito-repellant-60-nights-refill-bedtime-protection.jpg?tr=w-256,q=80', 'https://www.bigbasket.com/media/uploads/p/s/140480-3_7-all-out-super-mosquito-repellant-60-nights-refill-bedtime-protection.jpg?tr=w-256,q=80', 'https://www.bigbasket.com/media/uploads/p/s/140480-4_7-all-out-super-mosquito-repellant-60-nights-refill-bedtime-protection.jpg?tr=w-256,q=80', 'https://www.bigbasket.com/media/uploads/p/s/140480-5_6-all-out-super-mosquito-repellant-60-nights-refill-bedtime-protection.jpg?tr=w-256,q=80', 'https://www.bigbasket.com/media/uploads/p/s/140480-6_6-all-out-super-mosquito-repellant-60-nights-refill-bedtime-protection.jpg?tr=w-256,q=80', 'https://www.bigbasket.com/media/uploads/p/s/140480-7_5-all-out-super-mosquito-repellant-60-nights-refill-bedtime-protection.jpg?tr=w-256,q=80', 'https://www.bigbasket.com/media/uploads/p/s/140480-8_5-all-out-super-mosquito-repellant-60-nights-refill-bedtime-protection.jpg?tr=w-256,q=80', 'https://www.bigbasket.com/media/uploads/p/s/140480-9_5-all-out-super-mosquito-repellant-60-nights-refill-bedtime-protection.jpg?tr=w-256,q=80', 'https://www.bigbasket.com/media/uploads/p/s/140480-10_2-all-out-super-mosquito-repellant-60-nights-refill-bedtime-protection.jpg?tr=w-256,q=80']",https://www.bigbasket.com/pd/140480/all-out-super-mosquito-repellant-60-nights-refill-bedtime-protection-45-ml/?nc=cl-prod-list&t_pos_sec=1&t_pos_item=42&t_s=Ultra%2520Liquid%2520Vaporizer%252FMosquito%2520Repellent%2520Refill%2520-%2520Kills%2520Dengue%252C%2520Malaria%2520%2526%2520Chikungunya%2520Mosquitoes,"3 years, 5 months, and 28 days",41
Naturals Washing Detergent Powder - Lemon & Chandan,Tide,Household and care,,₹60,1,kg,1 kg,"['https://www.bigbasket.com/media/uploads/p/s/40019212_8-tide-naturals-washing-detergent-powder-lemon-chandan.jpg?tr=w-256,q=80', 'https://www.bigbasket.com/media/uploads/p/s/40019212-2_3-tide-naturals-washing-detergent-powder-lemon-chandan.jpg?tr=w-256,q=80']",https://www.bigbasket.com/pd/40019212/tide-naturals-washing-detergent-powder-lemon-chandan-800-g-pouch/?nc=cl-prod-list&t_pos_sec=1&t_pos_item=43&t_s=Naturals%2520Washing%2520Detergent%2520Powder%2520-%2520Lemon%2520%2526%2520Chandan,"3 years, 5 months, and 28 days",41
Anti-Bacterial Dishwash Bar Round,Exo,Household and care,,₹30.08,700,g,700 g,"['https://www.bigbasket.com/media/uploads/p/s/40111629_3-exo-dishwash-bar-round-touch-shine.jpg?tr=w-256,q=80', 'https://www.bigbasket.com/media/uploads/p/s/40111629-2_2-exo-dishwash-bar-round-touch-shine.jpg?tr=w-256,q=80', 'https://www.bigbasket.com/media/uploads/p/s/40111629-3_2-exo-dishwash-bar-round-touch-shine.jpg?tr=w-256,q=80', 'https://www.bigbasket.com/media/uploads/p/s/40111629-4_1-exo-dishwash-bar-round-touch-shine.jpg?tr=w-256,q=80', 'https://www.bigbasket.com/media/uploads/p/s/40111629-5_1-exo-dishwash-bar-round-touch-shine.jpg?tr=w-256,q=80', 'https://www.bigbasket.com/media/uploads/p/s/40111629-6_1-exo-dishwash-bar-round-touch-shine.jpg?tr=w-256,q=80', 'https://www.bigbasket.com/media/uploads/p/s/40111629-7_1-exo-dishwash-bar-round-touch-shine.jpg?tr=w-256,q=80', 'https://www.bigbasket.com/media/uploads/p/s/40111629-8_1-exo-dishwash-bar-round-touch-shine.jpg?tr=w-256,q=80', 'https://www.bigbasket.com/media/uploads/p/s/40111629-9_1-exo-dishwash-bar-round-touch-shine.jpg?tr=w-256,q=80']",https://www.bigbasket.com/pd/40111629/exo-dishwash-bar-round-touch-shine-700-g/?nc=cl-prod-list&t_pos_sec=1&t_pos_item=44&t_s=Anti-Bacterial%2520Dishwash%2520Bar%2520Round,"3 years, 5 months, and 28 days",41
Dishwasher All in 1 Max Powerball Tablets,Finish,Household and care,,₹539.1,24,Tabs,24 Tabs,"['https://www.bigbasket.com/media/uploads/p/s/1214241_5-finish-dishwasher-tablets-all-in-1-max-powerball.jpg?tr=w-256,q=80', 'https://www.bigbasket.com/media/uploads/p/s/1214241-2_5-finish-dishwasher-tablets-all-in-1-max-powerball.jpg?tr=w-256,q=80', 'https://www.bigbasket.com/media/uploads/p/s/1214241-3_5-finish-dishwasher-tablets-all-in-1-max-powerball.jpg?tr=w-256,q=80', 'https://www.bigbasket.com/media/uploads/p/s/1214241-4_5-finish-dishwasher-tablets-all-in-1-max-powerball.jpg?tr=w-256,q=80', 'https://www.bigbasket.com/media/uploads/p/s/1214241-5_5-finish-dishwasher-tablets-all-in-1-max-powerball.jpg?tr=w-256,q=80', 'https://www.bigbasket.com/media/uploads/p/s/1214241-6_5-finish-dishwasher-tablets-all-in-1-max-powerball.jpg?tr=w-256,q=80', 'https://www.bigbasket.com/media/uploads/p/s/1214241-7_4-finish-dishwasher-tablets-all-in-1-max-powerball.jpg?tr=w-256,q=80', 'https://www.bigbasket.com/media/uploads/p/s/1214241-8_2-finish-dishwasher-tablets-all-in-1-max-powerball.jpg?tr=w-256,q=80', 'https://www.bigbasket.com/media/uploads/p/s/1214241-9_2-finish-dishwasher-tablets-all-in-1-max-powerball.jpg?tr=w-256,q=80', 'https://www.bigbasket.com/media/uploads/p/s/1214241-10_2-finish-dishwasher-tablets-all-in-1-max-powerball.jpg?tr=w-256,q=80']",https://www.bigbasket.com/pd/1214241/finish-dishwasher-tablets-all-in-1-max-powerball-3-x-24-tablets/?nc=cl-prod-list&t_pos_sec=1&t_pos_item=46&t_s=Dishwasher%2520All%2520in%25201%2520Max%2520Powerball,"3 years, 5 months, and 28 days",41
"Garbage Bags - Small, Green, 43x 48 cm",bb home,Household and care,,₹112,,,,"['https://www.bigbasket.com/media/uploads/p/s/40170026_12-bb-home-oxo-biodegradable-garbage-bag-small-green.jpg?tr=w-256,q=80', 'https://www.bigbasket.com/media/uploads/p/s/40170026-2_15-bb-home-oxo-biodegradable-garbage-bag-small-green.jpg?tr=w-256,q=80', 'https://www.bigbasket.com/media/uploads/p/s/40170026-3_4-bb-home-oxo-biodegradable-garbage-bag-small-green.jpg?tr=w-256,q=80', 'https://www.bigbasket.com/media/uploads/p/s/40170026-4_3-bb-home-oxo-biodegradable-garbage-bag-small-green.jpg?tr=w-256,q=80', 'https://www.bigbasket.com/media/uploads/p/s/40170026-5_3-bb-home-oxo-biodegradable-garbage-bag-small-green.jpg?tr=w-256,q=80', 'https://www.bigbasket.com/media/uploads/p/s/40170026-6_3-bb-home-oxo-biodegradable-garbage-bag-small-green.jpg?tr=w-256,q=80', 'https://www.bigbasket.com/media/uploads/p/s/40170026-7_3-bb-home-oxo-biodegradable-garbage-bag-small-green.jpg?tr=w-256,q=80', 'https://www.bigbasket.com/media/uploads/p/s/40170026-8_3-bb-home-oxo-biodegradable-garbage-bag-small-green.jpg?tr=w-256,q=80', 'https://www.bigbasket.com/media/uploads/p/s/40170026-9_1-bb-home-oxo-biodegradable-garbage-bag-small-green.jpg?tr=w-256,q=80', 'https://www.bigbasket.com/media/uploads/p/s/40170026-10_1-bb-home-oxo-biodegradable-garbage-bag-small-green.jpg?tr=w-256,q=80']",https://www.bigbasket.com/pd/40170026/bb-home-oxo-biodegradable-garbage-bag-small-green-30-pcs/?nc=cl-prod-list&t_pos_sec=1&t_pos_item=48&t_s=Garbage%2520Bags%2520-%2520Small%252C%2520Green%252C%252043%2520x%252048%2520cm,"3 years, 5 months, and 28 days",41
"Antiseptic Liquid for First Aid , Surface Disinfection, Floor Cleaner and Personal Hygiene,",Dettol,Household and care,,₹365,,,1l,"['https://www.bigbasket.com/media/uploads/p/s/40168558_6-dettol-disinfectant-liquid-floorsurface-cleaner-provides-protection-from-germs-lime-fresh.jpg?tr=w-256,q=80', 'https://www.bigbasket.com/media/uploads/p/s/40168558-2_6-dettol-disinfectant-liquid-floorsurface-cleaner-provides-protection-from-germs-lime-fresh.jpg?tr=w-256,q=80', 'https://www.bigbasket.com/media/uploads/p/s/40168558-3_6-dettol-disinfectant-liquid-floorsurface-cleaner-provides-protection-from-germs-lime-fresh.jpg?tr=w-256,q=80', 'https://www.bigbasket.com/media/uploads/p/s/40168558-4_6-dettol-disinfectant-liquid-floorsurface-cleaner-provides-protection-from-germs-lime-fresh.jpg?tr=w-256,q=80', 'https://www.bigbasket.com/media/uploads/p/s/40168558-5_5-dettol-disinfectant-liquid-floorsurface-cleaner-provides-protection-from-germs-lime-fresh.jpg?tr=w-256,q=80', 'https://www.bigbasket.com/media/uploads/p/s/40168558-6_5-dettol-disinfectant-liquid-floorsurface-cleaner-provides-protection-from-germs-lime-fresh.jpg?tr=w-256,q=80', 'https://www.bigbasket.com/media/uploads/p/s/40168558-7_5-dettol-disinfectant-liquid-floorsurface-cleaner-provides-protection-from-germs-lime-fresh.jpg?tr=w-256,q=80', 'https://www.bigbasket.com/media/uploads/p/s/40168558-8_5-dettol-disinfectant-liquid-floorsurface-cleaner-provides-protection-from-germs-lime-fresh.jpg?tr=w-256,q=80']",https://www.bigbasket.com/pd/40168558/dettol-disinfectant-liquid-floorsurface-cleaner-provides-protection-from-germs-lime-fresh-1-l/?nc=cl-prod-list&t_pos_sec=1&t_pos_item=51&t_s=Liquid%2520Disinfectant%2520for%2520Floor%2520Cleaner%252C%2520Surface%2520Disinfection%2520%252C%2520Personal%2520Hygiene%2520%2528Lime%2520Fresh%2529%252C,"3 years, 5 months, and 28 days",41
Toilet Tissue Paper Roll - 3-Ply,bb home,Household and care,,₹329,,,,"['https://www.bigbasket.com/media/uploads/p/s/40000666_4-origami-tissue-roll-3-ply.jpg?tr=w-256,q=80', 'https://www.bigbasket.com/media/uploads/p/s/40000666-2_3-origami-tissue-roll-3-ply.jpg?tr=w-256,q=80', 'https://www.bigbasket.com/media/uploads/p/s/40000666-3_1-origami-tissue-roll-3-ply.jpg?tr=w-256,q=80', 'https://www.bigbasket.com/media/uploads/p/s/40000666-4_1-origami-tissue-roll-3-ply.jpg?tr=w-256,q=80', 'https://www.bigbasket.com/media/uploads/p/s/40000666-5_1-origami-tissue-roll-3-ply.jpg?tr=w-256,q=80', 'https://www.bigbasket.com/media/uploads/p/s/40000666-6_1-origami-tissue-roll-3-ply.jpg?tr=w-256,q=80', 'https://www.bigbasket.com/media/uploads/p/s/40000666-7_1-origami-tissue-roll-3-ply.jpg?tr=w-256,q=80']",https://www.bigbasket.com/pd/40000666/origami-tissue-roll-3-ply-6x100-g-pouch/?nc=cl-prod-list&t_pos_sec=1&t_pos_item=52&t_s=Toilet%2520Tissue%2520Paper%2520Roll%2520-%25203%2520Ply,"3 years, 5 months, and 28 days",41
